star,title,quote,rank,rate,link
,肖申克的救赎,,1,,"<bound method SelectorList.getall of [<Selector xpath='div[@class=""pic""]/a/@href' data=u'https://movie.douban.com/subject/1292052'>]>"
,霸王别姬,,2,,"<bound method SelectorList.getall of [<Selector xpath='div[@class=""pic""]/a/@href' data=u'https://movie.douban.com/subject/1291546'>]>"
,这个杀手不太冷,,3,,"<bound method SelectorList.getall of [<Selector xpath='div[@class=""pic""]/a/@href' data=u'https://movie.douban.com/subject/1295644'>]>"
,阿甘正传,,4,,"<bound method SelectorList.getall of [<Selector xpath='div[@class=""pic""]/a/@href' data=u'https://movie.douban.com/subject/1292720'>]>"
,美丽人生,,5,,"<bound method SelectorList.getall of [<Selector xpath='div[@class=""pic""]/a/@href' data=u'https://movie.douban.com/subject/1292063'>]>"
,泰坦尼克号,,6,,"<bound method SelectorList.getall of [<Selector xpath='div[@class=""pic""]/a/@href' data=u'https://movie.douban.com/subject/1292722'>]>"
,千与千寻,,7,,"<bound method SelectorList.getall of [<Selector xpath='div[@class=""pic""]/a/@href' data=u'https://movie.douban.com/subject/1291561'>]>"
,辛德勒的名单,,8,,"<bound method SelectorList.getall of [<Selector xpath='div[@class=""pic""]/a/@href' data=u'https://movie.douban.com/subject/1295124'>]>"
,盗梦空间,,9,,"<bound method SelectorList.getall of [<Selector xpath='div[@class=""pic""]/a/@href' data=u'https://movie.douban.com/subject/3541415'>]>"
,机器人总动员,,10,,"<bound method SelectorList.getall of [<Selector xpath='div[@class=""pic""]/a/@href' data=u'https://movie.douban.com/subject/2131459'>]>"
,忠犬八公的故事,,11,,"<bound method SelectorList.getall of [<Selector xpath='div[@class=""pic""]/a/@href' data=u'https://movie.douban.com/subject/3011091'>]>"
,三傻大闹宝莱坞,,12,,"<bound method SelectorList.getall of [<Selector xpath='div[@class=""pic""]/a/@href' data=u'https://movie.douban.com/subject/3793023'>]>"
,海上钢琴师,,13,,"<bound method SelectorList.getall of [<Selector xpath='div[@class=""pic""]/a/@href' data=u'https://movie.douban.com/subject/1292001'>]>"
,放牛班的春天,,14,,"<bound method SelectorList.getall of [<Selector xpath='div[@class=""pic""]/a/@href' data=u'https://movie.douban.com/subject/1291549'>]>"
,大话西游之大圣娶亲,,15,,"<bound method SelectorList.getall of [<Selector xpath='div[@class=""pic""]/a/@href' data=u'https://movie.douban.com/subject/1292213'>]>"
,楚门的世界,,16,,"<bound method SelectorList.getall of [<Selector xpath='div[@class=""pic""]/a/@href' data=u'https://movie.douban.com/subject/1292064'>]>"
,教父,,17,,"<bound method SelectorList.getall of [<Selector xpath='div[@class=""pic""]/a/@href' data=u'https://movie.douban.com/subject/1291841'>]>"
,龙猫,,18,,"<bound method SelectorList.getall of [<Selector xpath='div[@class=""pic""]/a/@href' data=u'https://movie.douban.com/subject/1291560'>]>"
,星际穿越,,19,,"<bound method SelectorList.getall of [<Selector xpath='div[@class=""pic""]/a/@href' data=u'https://movie.douban.com/subject/1889243'>]>"
,熔炉,,20,,"<bound method SelectorList.getall of [<Selector xpath='div[@class=""pic""]/a/@href' data=u'https://movie.douban.com/subject/5912992'>]>"
,无间道,,21,,"<bound method SelectorList.getall of [<Selector xpath='div[@class=""pic""]/a/@href' data=u'https://movie.douban.com/subject/1307914'>]>"
,触不可及,,22,,"<bound method SelectorList.getall of [<Selector xpath='div[@class=""pic""]/a/@href' data=u'https://movie.douban.com/subject/6786002'>]>"
,当幸福来敲门,,23,,"<bound method SelectorList.getall of [<Selector xpath='div[@class=""pic""]/a/@href' data=u'https://movie.douban.com/subject/1849031'>]>"
,乱世佳人,,24,,"<bound method SelectorList.getall of [<Selector xpath='div[@class=""pic""]/a/@href' data=u'https://movie.douban.com/subject/1300267'>]>"
,怦然心动,,25,,"<bound method SelectorList.getall of [<Selector xpath='div[@class=""pic""]/a/@href' data=u'https://movie.douban.com/subject/3319755'>]>"
,疯狂动物城,,26,,"<bound method SelectorList.getall of [<Selector xpath='div[@class=""pic""]/a/@href' data=u'https://movie.douban.com/subject/2566232'>]>"
,天堂电影院,,27,,"<bound method SelectorList.getall of [<Selector xpath='div[@class=""pic""]/a/@href' data=u'https://movie.douban.com/subject/1291828'>]>"
,蝙蝠侠：黑暗骑士,,28,,"<bound method SelectorList.getall of [<Selector xpath='div[@class=""pic""]/a/@href' data=u'https://movie.douban.com/subject/1851857'>]>"
,活着,,29,,"<bound method SelectorList.getall of [<Selector xpath='div[@class=""pic""]/a/@href' data=u'https://movie.douban.com/subject/1292365'>]>"
,十二怒汉,,30,,"<bound method SelectorList.getall of [<Selector xpath='div[@class=""pic""]/a/@href' data=u'https://movie.douban.com/subject/1293182'>]>"
,少年派的奇幻漂流,,31,,"<bound method SelectorList.getall of [<Selector xpath='div[@class=""pic""]/a/@href' data=u'https://movie.douban.com/subject/1929463'>]>"
,鬼子来了,,32,,"<bound method SelectorList.getall of [<Selector xpath='div[@class=""pic""]/a/@href' data=u'https://movie.douban.com/subject/1291858'>]>"
,指环王3：王者无敌,,33,,"<bound method SelectorList.getall of [<Selector xpath='div[@class=""pic""]/a/@href' data=u'https://movie.douban.com/subject/1291552'>]>"
,搏击俱乐部,,34,,"<bound method SelectorList.getall of [<Selector xpath='div[@class=""pic""]/a/@href' data=u'https://movie.douban.com/subject/1292000'>]>"
,天空之城,,35,,"<bound method SelectorList.getall of [<Selector xpath='div[@class=""pic""]/a/@href' data=u'https://movie.douban.com/subject/1291583'>]>"
,控方证人,,36,,"<bound method SelectorList.getall of [<Selector xpath='div[@class=""pic""]/a/@href' data=u'https://movie.douban.com/subject/1296141'>]>"
,飞屋环游记,,37,,"<bound method SelectorList.getall of [<Selector xpath='div[@class=""pic""]/a/@href' data=u'https://movie.douban.com/subject/2129039'>]>"
,大话西游之月光宝盒,,38,,"<bound method SelectorList.getall of [<Selector xpath='div[@class=""pic""]/a/@href' data=u'https://movie.douban.com/subject/1299398'>]>"
,罗马假日,,39,,"<bound method SelectorList.getall of [<Selector xpath='div[@class=""pic""]/a/@href' data=u'https://movie.douban.com/subject/1293839'>]>"
,窃听风暴,,40,,"<bound method SelectorList.getall of [<Selector xpath='div[@class=""pic""]/a/@href' data=u'https://movie.douban.com/subject/1900841'>]>"
,摔跤吧！爸爸,,41,,"<bound method SelectorList.getall of [<Selector xpath='div[@class=""pic""]/a/@href' data=u'https://movie.douban.com/subject/2638793'>]>"
,两杆大烟枪,,42,,"<bound method SelectorList.getall of [<Selector xpath='div[@class=""pic""]/a/@href' data=u'https://movie.douban.com/subject/1293350'>]>"
,辩护人,,43,,"<bound method SelectorList.getall of [<Selector xpath='div[@class=""pic""]/a/@href' data=u'https://movie.douban.com/subject/2193744'>]>"
,闻香识女人,,44,,"<bound method SelectorList.getall of [<Selector xpath='div[@class=""pic""]/a/@href' data=u'https://movie.douban.com/subject/1298624'>]>"
,飞越疯人院,,45,,"<bound method SelectorList.getall of [<Selector xpath='div[@class=""pic""]/a/@href' data=u'https://movie.douban.com/subject/1292224'>]>"
,哈尔的移动城堡,,46,,"<bound method SelectorList.getall of [<Selector xpath='div[@class=""pic""]/a/@href' data=u'https://movie.douban.com/subject/1308807'>]>"
,死亡诗社,,47,,"<bound method SelectorList.getall of [<Selector xpath='div[@class=""pic""]/a/@href' data=u'https://movie.douban.com/subject/1291548'>]>"
,V字仇杀队,,48,,"<bound method SelectorList.getall of [<Selector xpath='div[@class=""pic""]/a/@href' data=u'https://movie.douban.com/subject/1309046'>]>"
,海豚湾,,49,,"<bound method SelectorList.getall of [<Selector xpath='div[@class=""pic""]/a/@href' data=u'https://movie.douban.com/subject/3442220'>]>"
,教父2,,50,,"<bound method SelectorList.getall of [<Selector xpath='div[@class=""pic""]/a/@href' data=u'https://movie.douban.com/subject/1299131'>]>"
,指环王2：双塔奇兵,,51,,"<bound method SelectorList.getall of [<Selector xpath='div[@class=""pic""]/a/@href' data=u'https://movie.douban.com/subject/1291572'>]>"
,指环王1：魔戒再现,,52,,"<bound method SelectorList.getall of [<Selector xpath='div[@class=""pic""]/a/@href' data=u'https://movie.douban.com/subject/1291571'>]>"
,美丽心灵,,53,,"<bound method SelectorList.getall of [<Selector xpath='div[@class=""pic""]/a/@href' data=u'https://movie.douban.com/subject/1306029'>]>"
,饮食男女,,54,,"<bound method SelectorList.getall of [<Selector xpath='div[@class=""pic""]/a/@href' data=u'https://movie.douban.com/subject/1291818'>]>"
,情书,,55,,"<bound method SelectorList.getall of [<Selector xpath='div[@class=""pic""]/a/@href' data=u'https://movie.douban.com/subject/1292220'>]>"
,素媛,,56,,"<bound method SelectorList.getall of [<Selector xpath='div[@class=""pic""]/a/@href' data=u'https://movie.douban.com/subject/2193745'>]>"
,狮子王,,57,,"<bound method SelectorList.getall of [<Selector xpath='div[@class=""pic""]/a/@href' data=u'https://movie.douban.com/subject/1301753'>]>"
,美国往事,,58,,"<bound method SelectorList.getall of [<Selector xpath='div[@class=""pic""]/a/@href' data=u'https://movie.douban.com/subject/1292262'>]>"
,钢琴家,,59,,"<bound method SelectorList.getall of [<Selector xpath='div[@class=""pic""]/a/@href' data=u'https://movie.douban.com/subject/1296736'>]>"
,小鞋子,,60,,"<bound method SelectorList.getall of [<Selector xpath='div[@class=""pic""]/a/@href' data=u'https://movie.douban.com/subject/1303021'>]>"
,七宗罪,,61,,"<bound method SelectorList.getall of [<Selector xpath='div[@class=""pic""]/a/@href' data=u'https://movie.douban.com/subject/1292223'>]>"
,被嫌弃的松子的一生,,62,,"<bound method SelectorList.getall of [<Selector xpath='div[@class=""pic""]/a/@href' data=u'https://movie.douban.com/subject/1787291'>]>"
,致命魔术,,63,,"<bound method SelectorList.getall of [<Selector xpath='div[@class=""pic""]/a/@href' data=u'https://movie.douban.com/subject/1780330'>]>"
,天使爱美丽,,64,,"<bound method SelectorList.getall of [<Selector xpath='div[@class=""pic""]/a/@href' data=u'https://movie.douban.com/subject/1292215'>]>"
,本杰明·巴顿奇事,,65,,"<bound method SelectorList.getall of [<Selector xpath='div[@class=""pic""]/a/@href' data=u'https://movie.douban.com/subject/1485260'>]>"
,西西里的美丽传说,,66,,"<bound method SelectorList.getall of [<Selector xpath='div[@class=""pic""]/a/@href' data=u'https://movie.douban.com/subject/1292402'>]>"
,黑客帝国,,67,,"<bound method SelectorList.getall of [<Selector xpath='div[@class=""pic""]/a/@href' data=u'https://movie.douban.com/subject/1291843'>]>"
,让子弹飞,,68,,"<bound method SelectorList.getall of [<Selector xpath='div[@class=""pic""]/a/@href' data=u'https://movie.douban.com/subject/3742360'>]>"
,拯救大兵瑞恩,,69,,"<bound method SelectorList.getall of [<Selector xpath='div[@class=""pic""]/a/@href' data=u'https://movie.douban.com/subject/1292849'>]>"
,音乐之声,,70,,"<bound method SelectorList.getall of [<Selector xpath='div[@class=""pic""]/a/@href' data=u'https://movie.douban.com/subject/1294408'>]>"
,看不见的客人,,71,,"<bound method SelectorList.getall of [<Selector xpath='div[@class=""pic""]/a/@href' data=u'https://movie.douban.com/subject/2658023'>]>"
,末代皇帝,,72,,"<bound method SelectorList.getall of [<Selector xpath='div[@class=""pic""]/a/@href' data=u'https://movie.douban.com/subject/1293172'>]>"
,低俗小说,,73,,"<bound method SelectorList.getall of [<Selector xpath='div[@class=""pic""]/a/@href' data=u'https://movie.douban.com/subject/1291832'>]>"
,勇敢的心,,74,,"<bound method SelectorList.getall of [<Selector xpath='div[@class=""pic""]/a/@href' data=u'https://movie.douban.com/subject/1294639'>]>"
,剪刀手爱德华,,75,,"<bound method SelectorList.getall of [<Selector xpath='div[@class=""pic""]/a/@href' data=u'https://movie.douban.com/subject/1292370'>]>"
,沉默的羔羊,,76,,"<bound method SelectorList.getall of [<Selector xpath='div[@class=""pic""]/a/@href' data=u'https://movie.douban.com/subject/1293544'>]>"
,大闹天宫,,77,,"<bound method SelectorList.getall of [<Selector xpath='div[@class=""pic""]/a/@href' data=u'https://movie.douban.com/subject/1418019'>]>"
,蝴蝶效应,,78,,"<bound method SelectorList.getall of [<Selector xpath='div[@class=""pic""]/a/@href' data=u'https://movie.douban.com/subject/1292343'>]>"
,春光乍泄,,79,,"<bound method SelectorList.getall of [<Selector xpath='div[@class=""pic""]/a/@href' data=u'https://movie.douban.com/subject/1292679'>]>"
,入殓师,,80,,"<bound method SelectorList.getall of [<Selector xpath='div[@class=""pic""]/a/@href' data=u'https://movie.douban.com/subject/2149806'>]>"
,心灵捕手,,81,,"<bound method SelectorList.getall of [<Selector xpath='div[@class=""pic""]/a/@href' data=u'https://movie.douban.com/subject/1292656'>]>"
,哈利·波特与魔法石,,82,,"<bound method SelectorList.getall of [<Selector xpath='div[@class=""pic""]/a/@href' data=u'https://movie.douban.com/subject/1295038'>]>"
,玛丽和马克思,,83,,"<bound method SelectorList.getall of [<Selector xpath='div[@class=""pic""]/a/@href' data=u'https://movie.douban.com/subject/3072124'>]>"
,布达佩斯大饭店,,84,,"<bound method SelectorList.getall of [<Selector xpath='div[@class=""pic""]/a/@href' data=u'https://movie.douban.com/subject/1152567'>]>"
,阳光灿烂的日子,,85,,"<bound method SelectorList.getall of [<Selector xpath='div[@class=""pic""]/a/@href' data=u'https://movie.douban.com/subject/1291875'>]>"
,禁闭岛,,86,,"<bound method SelectorList.getall of [<Selector xpath='div[@class=""pic""]/a/@href' data=u'https://movie.douban.com/subject/2334904'>]>"
,猫鼠游戏,,87,,"<bound method SelectorList.getall of [<Selector xpath='div[@class=""pic""]/a/@href' data=u'https://movie.douban.com/subject/1305487'>]>"
,幽灵公主,,88,,"<bound method SelectorList.getall of [<Selector xpath='div[@class=""pic""]/a/@href' data=u'https://movie.douban.com/subject/1297359'>]>"
,第六感,,89,,"<bound method SelectorList.getall of [<Selector xpath='div[@class=""pic""]/a/@href' data=u'https://movie.douban.com/subject/1297630'>]>"
,重庆森林,,90,,"<bound method SelectorList.getall of [<Selector xpath='div[@class=""pic""]/a/@href' data=u'https://movie.douban.com/subject/1291999'>]>"
,狩猎,,91,,"<bound method SelectorList.getall of [<Selector xpath='div[@class=""pic""]/a/@href' data=u'https://movie.douban.com/subject/6985810'>]>"
,致命ID,,92,,"<bound method SelectorList.getall of [<Selector xpath='div[@class=""pic""]/a/@href' data=u'https://movie.douban.com/subject/1297192'>]>"
,断背山,,93,,"<bound method SelectorList.getall of [<Selector xpath='div[@class=""pic""]/a/@href' data=u'https://movie.douban.com/subject/1418834'>]>"
,穿条纹睡衣的男孩,,94,,"<bound method SelectorList.getall of [<Selector xpath='div[@class=""pic""]/a/@href' data=u'https://movie.douban.com/subject/3008247'>]>"
,大鱼,,95,,"<bound method SelectorList.getall of [<Selector xpath='div[@class=""pic""]/a/@href' data=u'https://movie.douban.com/subject/1291545'>]>"
,加勒比海盗,,96,,"<bound method SelectorList.getall of [<Selector xpath='div[@class=""pic""]/a/@href' data=u'https://movie.douban.com/subject/1298070'>]>"
,阿凡达,,97,,"<bound method SelectorList.getall of [<Selector xpath='div[@class=""pic""]/a/@href' data=u'https://movie.douban.com/subject/1652587'>]>"
,告白,,98,,"<bound method SelectorList.getall of [<Selector xpath='div[@class=""pic""]/a/@href' data=u'https://movie.douban.com/subject/4268598'>]>"
,摩登时代,,99,,"<bound method SelectorList.getall of [<Selector xpath='div[@class=""pic""]/a/@href' data=u'https://movie.douban.com/subject/1294371'>]>"
,一一,,100,,"<bound method SelectorList.getall of [<Selector xpath='div[@class=""pic""]/a/@href' data=u'https://movie.douban.com/subject/1292434'>]>"
,甜蜜蜜,,101,,"<bound method SelectorList.getall of [<Selector xpath='div[@class=""pic""]/a/@href' data=u'https://movie.douban.com/subject/1305164'>]>"
,射雕英雄传之东成西就,,102,,"<bound method SelectorList.getall of [<Selector xpath='div[@class=""pic""]/a/@href' data=u'https://movie.douban.com/subject/1316510'>]>"
,阳光姐妹淘,,103,,"<bound method SelectorList.getall of [<Selector xpath='div[@class=""pic""]/a/@href' data=u'https://movie.douban.com/subject/4917726'>]>"
,消失的爱人,,104,,"<bound method SelectorList.getall of [<Selector xpath='div[@class=""pic""]/a/@href' data=u'https://movie.douban.com/subject/2131848'>]>"
,爱在黎明破晓前,,105,,"<bound method SelectorList.getall of [<Selector xpath='div[@class=""pic""]/a/@href' data=u'https://movie.douban.com/subject/1296339'>]>"
,上帝之城,,106,,"<bound method SelectorList.getall of [<Selector xpath='div[@class=""pic""]/a/@href' data=u'https://movie.douban.com/subject/1292208'>]>"
,侧耳倾听,,107,,"<bound method SelectorList.getall of [<Selector xpath='div[@class=""pic""]/a/@href' data=u'https://movie.douban.com/subject/1297052'>]>"
,爱在日落黄昏时,,108,,"<bound method SelectorList.getall of [<Selector xpath='div[@class=""pic""]/a/@href' data=u'https://movie.douban.com/subject/1291990'>]>"
,风之谷,,109,,"<bound method SelectorList.getall of [<Selector xpath='div[@class=""pic""]/a/@href' data=u'https://movie.douban.com/subject/1291585'>]>"
,超脱,,110,,"<bound method SelectorList.getall of [<Selector xpath='div[@class=""pic""]/a/@href' data=u'https://movie.douban.com/subject/5322596'>]>"
,小森林 夏秋篇,,111,,"<bound method SelectorList.getall of [<Selector xpath='div[@class=""pic""]/a/@href' data=u'https://movie.douban.com/subject/2581470'>]>"
,喜剧之王,,112,,"<bound method SelectorList.getall of [<Selector xpath='div[@class=""pic""]/a/@href' data=u'https://movie.douban.com/subject/1302425'>]>"
,倩女幽魂,,113,,"<bound method SelectorList.getall of [<Selector xpath='div[@class=""pic""]/a/@href' data=u'https://movie.douban.com/subject/1297447'>]>"
,恐怖直播,,114,,"<bound method SelectorList.getall of [<Selector xpath='div[@class=""pic""]/a/@href' data=u'https://movie.douban.com/subject/2136041'>]>"
,红辣椒,,115,,"<bound method SelectorList.getall of [<Selector xpath='div[@class=""pic""]/a/@href' data=u'https://movie.douban.com/subject/1865703'>]>"
,菊次郎的夏天,,116,,"<bound method SelectorList.getall of [<Selector xpath='div[@class=""pic""]/a/@href' data=u'https://movie.douban.com/subject/1293359'>]>"
,驯龙高手,,117,,"<bound method SelectorList.getall of [<Selector xpath='div[@class=""pic""]/a/@href' data=u'https://movie.douban.com/subject/2353023'>]>"
,幸福终点站,,118,,"<bound method SelectorList.getall of [<Selector xpath='div[@class=""pic""]/a/@href' data=u'https://movie.douban.com/subject/1292274'>]>"
,神偷奶爸,,119,,"<bound method SelectorList.getall of [<Selector xpath='div[@class=""pic""]/a/@href' data=u'https://movie.douban.com/subject/3287562'>]>"
,借东西的小人阿莉埃蒂,,120,,"<bound method SelectorList.getall of [<Selector xpath='div[@class=""pic""]/a/@href' data=u'https://movie.douban.com/subject/4202302'>]>"
,岁月神偷,,121,,"<bound method SelectorList.getall of [<Selector xpath='div[@class=""pic""]/a/@href' data=u'https://movie.douban.com/subject/3792799'>]>"
,杀人回忆,,122,,"<bound method SelectorList.getall of [<Selector xpath='div[@class=""pic""]/a/@href' data=u'https://movie.douban.com/subject/1300299'>]>"
,七武士,,123,,"<bound method SelectorList.getall of [<Selector xpath='div[@class=""pic""]/a/@href' data=u'https://movie.douban.com/subject/1295399'>]>"
,萤火虫之墓,,124,,"<bound method SelectorList.getall of [<Selector xpath='div[@class=""pic""]/a/@href' data=u'https://movie.douban.com/subject/1293318'>]>"
,怪兽电力公司,,125,,"<bound method SelectorList.getall of [<Selector xpath='div[@class=""pic""]/a/@href' data=u'https://movie.douban.com/subject/1291579'>]>"
,谍影重重3,,126,,"<bound method SelectorList.getall of [<Selector xpath='div[@class=""pic""]/a/@href' data=u'https://movie.douban.com/subject/1578507'>]>"
,喜宴,,127,,"<bound method SelectorList.getall of [<Selector xpath='div[@class=""pic""]/a/@href' data=u'https://movie.douban.com/subject/1303037'>]>"
,小森林 冬春篇,,128,,"<bound method SelectorList.getall of [<Selector xpath='div[@class=""pic""]/a/@href' data=u'https://movie.douban.com/subject/2581470'>]>"
,贫民窟的百万富翁,,129,,"<bound method SelectorList.getall of [<Selector xpath='div[@class=""pic""]/a/@href' data=u'https://movie.douban.com/subject/2209573'>]>"
,电锯惊魂,,130,,"<bound method SelectorList.getall of [<Selector xpath='div[@class=""pic""]/a/@href' data=u'https://movie.douban.com/subject/1417598'>]>"
,东邪西毒,,131,,"<bound method SelectorList.getall of [<Selector xpath='div[@class=""pic""]/a/@href' data=u'https://movie.douban.com/subject/1292328'>]>"
,请以你的名字呼唤我,,132,,"<bound method SelectorList.getall of [<Selector xpath='div[@class=""pic""]/a/@href' data=u'https://movie.douban.com/subject/2679973'>]>"
,记忆碎片,,133,,"<bound method SelectorList.getall of [<Selector xpath='div[@class=""pic""]/a/@href' data=u'https://movie.douban.com/subject/1304447'>]>"
,真爱至上,,134,,"<bound method SelectorList.getall of [<Selector xpath='div[@class=""pic""]/a/@href' data=u'https://movie.douban.com/subject/1292401'>]>"
,黑天鹅,,135,,"<bound method SelectorList.getall of [<Selector xpath='div[@class=""pic""]/a/@href' data=u'https://movie.douban.com/subject/1978709'>]>"
,疯狂原始人,,136,,"<bound method SelectorList.getall of [<Selector xpath='div[@class=""pic""]/a/@href' data=u'https://movie.douban.com/subject/1907966'>]>"
,哈利·波特与死亡圣器(下),,137,,"<bound method SelectorList.getall of [<Selector xpath='div[@class=""pic""]/a/@href' data=u'https://movie.douban.com/subject/3011235'>]>"
,萤火之森,,138,,"<bound method SelectorList.getall of [<Selector xpath='div[@class=""pic""]/a/@href' data=u'https://movie.douban.com/subject/5989818'>]>"
,7号房的礼物,,139,,"<bound method SelectorList.getall of [<Selector xpath='div[@class=""pic""]/a/@href' data=u'https://movie.douban.com/subject/1077768'>]>"
,雨人,,140,,"<bound method SelectorList.getall of [<Selector xpath='div[@class=""pic""]/a/@href' data=u'https://movie.douban.com/subject/1291870'>]>"
,英雄本色,,141,,"<bound method SelectorList.getall of [<Selector xpath='div[@class=""pic""]/a/@href' data=u'https://movie.douban.com/subject/1297574'>]>"
,卢旺达饭店,,142,,"<bound method SelectorList.getall of [<Selector xpath='div[@class=""pic""]/a/@href' data=u'https://movie.douban.com/subject/1291822'>]>"
,海洋,,143,,"<bound method SelectorList.getall of [<Selector xpath='div[@class=""pic""]/a/@href' data=u'https://movie.douban.com/subject/3443389'>]>"
,心迷宫,,144,,"<bound method SelectorList.getall of [<Selector xpath='div[@class=""pic""]/a/@href' data=u'https://movie.douban.com/subject/2591797'>]>"
,超能陆战队,,145,,"<bound method SelectorList.getall of [<Selector xpath='div[@class=""pic""]/a/@href' data=u'https://movie.douban.com/subject/1102673'>]>"
,唐伯虎点秋香,,146,,"<bound method SelectorList.getall of [<Selector xpath='div[@class=""pic""]/a/@href' data=u'https://movie.douban.com/subject/1306249'>]>"
,蝙蝠侠：黑暗骑士崛起,,147,,"<bound method SelectorList.getall of [<Selector xpath='div[@class=""pic""]/a/@href' data=u'https://movie.douban.com/subject/3395373'>]>"
,荒蛮故事,,148,,"<bound method SelectorList.getall of [<Selector xpath='div[@class=""pic""]/a/@href' data=u'https://movie.douban.com/subject/2475012'>]>"
,傲慢与偏见,,149,,"<bound method SelectorList.getall of [<Selector xpath='div[@class=""pic""]/a/@href' data=u'https://movie.douban.com/subject/1418200'>]>"
,海边的曼彻斯特,,150,,"<bound method SelectorList.getall of [<Selector xpath='div[@class=""pic""]/a/@href' data=u'https://movie.douban.com/subject/2598044'>]>"
,虎口脱险,,151,,"<bound method SelectorList.getall of [<Selector xpath='div[@class=""pic""]/a/@href' data=u'https://movie.douban.com/subject/1296909'>]>"
,纵横四海,,152,,"<bound method SelectorList.getall of [<Selector xpath='div[@class=""pic""]/a/@href' data=u'https://movie.douban.com/subject/1295409'>]>"
,燃情岁月,,153,,"<bound method SelectorList.getall of [<Selector xpath='div[@class=""pic""]/a/@href' data=u'https://movie.douban.com/subject/1295865'>]>"
,教父3,,154,,"<bound method SelectorList.getall of [<Selector xpath='div[@class=""pic""]/a/@href' data=u'https://movie.douban.com/subject/1294240'>]>"
,时空恋旅人,,155,,"<bound method SelectorList.getall of [<Selector xpath='div[@class=""pic""]/a/@href' data=u'https://movie.douban.com/subject/1057786'>]>"
,玩具总动员3,,156,,"<bound method SelectorList.getall of [<Selector xpath='div[@class=""pic""]/a/@href' data=u'https://movie.douban.com/subject/1858711'>]>"
,花样年华,,157,,"<bound method SelectorList.getall of [<Selector xpath='div[@class=""pic""]/a/@href' data=u'https://movie.douban.com/subject/1291557'>]>"
,完美的世界,,158,,"<bound method SelectorList.getall of [<Selector xpath='div[@class=""pic""]/a/@href' data=u'https://movie.douban.com/subject/1300992'>]>"
,恋恋笔记本,,159,,"<bound method SelectorList.getall of [<Selector xpath='div[@class=""pic""]/a/@href' data=u'https://movie.douban.com/subject/1309163'>]>"
,无人知晓,,160,,"<bound method SelectorList.getall of [<Selector xpath='div[@class=""pic""]/a/@href' data=u'https://movie.douban.com/subject/1292337'>]>"
,达拉斯买家俱乐部,,161,,"<bound method SelectorList.getall of [<Selector xpath='div[@class=""pic""]/a/@href' data=u'https://movie.douban.com/subject/1793929'>]>"
,二十二,,162,,"<bound method SelectorList.getall of [<Selector xpath='div[@class=""pic""]/a/@href' data=u'https://movie.douban.com/subject/2643010'>]>"
,雨中曲,,163,,"<bound method SelectorList.getall of [<Selector xpath='div[@class=""pic""]/a/@href' data=u'https://movie.douban.com/subject/1293460'>]>"
,魂断蓝桥,,164,,"<bound method SelectorList.getall of [<Selector xpath='div[@class=""pic""]/a/@href' data=u'https://movie.douban.com/subject/1293964'>]>"
,猜火车,,165,,"<bound method SelectorList.getall of [<Selector xpath='div[@class=""pic""]/a/@href' data=u'https://movie.douban.com/subject/1292528'>]>"
,血战钢锯岭,,166,,"<bound method SelectorList.getall of [<Selector xpath='div[@class=""pic""]/a/@href' data=u'https://movie.douban.com/subject/2632532'>]>"
,穿越时空的少女,,167,,"<bound method SelectorList.getall of [<Selector xpath='div[@class=""pic""]/a/@href' data=u'https://movie.douban.com/subject/1937946'>]>"
,我是山姆,,168,,"<bound method SelectorList.getall of [<Selector xpath='div[@class=""pic""]/a/@href' data=u'https://movie.douban.com/subject/1306861'>]>"
,冰川时代,,169,,"<bound method SelectorList.getall of [<Selector xpath='div[@class=""pic""]/a/@href' data=u'https://movie.douban.com/subject/1291578'>]>"
,人工智能,,170,,"<bound method SelectorList.getall of [<Selector xpath='div[@class=""pic""]/a/@href' data=u'https://movie.douban.com/subject/1302827'>]>"
,爆裂鼓手,,171,,"<bound method SelectorList.getall of [<Selector xpath='div[@class=""pic""]/a/@href' data=u'https://movie.douban.com/subject/2577393'>]>"
,浪潮,,172,,"<bound method SelectorList.getall of [<Selector xpath='div[@class=""pic""]/a/@href' data=u'https://movie.douban.com/subject/2297265'>]>"
,未麻的部屋,,173,,"<bound method SelectorList.getall of [<Selector xpath='div[@class=""pic""]/a/@href' data=u'https://movie.douban.com/subject/1395091'>]>"
,罗生门,,174,,"<bound method SelectorList.getall of [<Selector xpath='div[@class=""pic""]/a/@href' data=u'https://movie.douban.com/subject/1291879'>]>"
,朗读者,,175,,"<bound method SelectorList.getall of [<Selector xpath='div[@class=""pic""]/a/@href' data=u'https://movie.douban.com/subject/2213597'>]>"
,被解救的姜戈,,176,,"<bound method SelectorList.getall of [<Selector xpath='div[@class=""pic""]/a/@href' data=u'https://movie.douban.com/subject/6307447'>]>"
,头脑特工队,,177,,"<bound method SelectorList.getall of [<Selector xpath='div[@class=""pic""]/a/@href' data=u'https://movie.douban.com/subject/1053391'>]>"
,香水,,178,,"<bound method SelectorList.getall of [<Selector xpath='div[@class=""pic""]/a/@href' data=u'https://movie.douban.com/subject/1760622'>]>"
,阿飞正传,,179,,"<bound method SelectorList.getall of [<Selector xpath='div[@class=""pic""]/a/@href' data=u'https://movie.douban.com/subject/1305690'>]>"
,你的名字。,,180,,"<bound method SelectorList.getall of [<Selector xpath='div[@class=""pic""]/a/@href' data=u'https://movie.douban.com/subject/2668329'>]>"
,可可西里,,181,,"<bound method SelectorList.getall of [<Selector xpath='div[@class=""pic""]/a/@href' data=u'https://movie.douban.com/subject/1308857'>]>"
,恐怖游轮,,182,,"<bound method SelectorList.getall of [<Selector xpath='div[@class=""pic""]/a/@href' data=u'https://movie.douban.com/subject/3011051'>]>"
,房间,,183,,"<bound method SelectorList.getall of [<Selector xpath='div[@class=""pic""]/a/@href' data=u'https://movie.douban.com/subject/2572485'>]>"
,一次别离,,184,,"<bound method SelectorList.getall of [<Selector xpath='div[@class=""pic""]/a/@href' data=u'https://movie.douban.com/subject/5964718'>]>"
,战争之王,,185,,"<bound method SelectorList.getall of [<Selector xpath='div[@class=""pic""]/a/@href' data=u'https://movie.douban.com/subject/1419936'>]>"
,追随,,186,,"<bound method SelectorList.getall of [<Selector xpath='div[@class=""pic""]/a/@href' data=u'https://movie.douban.com/subject/1397546'>]>"
,撞车,,187,,"<bound method SelectorList.getall of [<Selector xpath='div[@class=""pic""]/a/@href' data=u'https://movie.douban.com/subject/1388216'>]>"
,模仿游戏,,188,,"<bound method SelectorList.getall of [<Selector xpath='div[@class=""pic""]/a/@href' data=u'https://movie.douban.com/subject/1046395'>]>"
,一个叫欧维的男人决定去死,,189,,"<bound method SelectorList.getall of [<Selector xpath='div[@class=""pic""]/a/@href' data=u'https://movie.douban.com/subject/2662835'>]>"
,忠犬八公物语,,190,,"<bound method SelectorList.getall of [<Selector xpath='div[@class=""pic""]/a/@href' data=u'https://movie.douban.com/subject/1959195'>]>"
,地球上的星星,,191,,"<bound method SelectorList.getall of [<Selector xpath='div[@class=""pic""]/a/@href' data=u'https://movie.douban.com/subject/2363506'>]>"
,魔女宅急便,,192,,"<bound method SelectorList.getall of [<Selector xpath='div[@class=""pic""]/a/@href' data=u'https://movie.douban.com/subject/1307811'>]>"
,完美陌生人,,193,,"<bound method SelectorList.getall of [<Selector xpath='div[@class=""pic""]/a/@href' data=u'https://movie.douban.com/subject/2661489'>]>"
,谍影重重,,194,,"<bound method SelectorList.getall of [<Selector xpath='div[@class=""pic""]/a/@href' data=u'https://movie.douban.com/subject/1304102'>]>"
,谍影重重2,,195,,"<bound method SelectorList.getall of [<Selector xpath='div[@class=""pic""]/a/@href' data=u'https://movie.douban.com/subject/1308767'>]>"
,牯岭街少年杀人事件,,196,,"<bound method SelectorList.getall of [<Selector xpath='div[@class=""pic""]/a/@href' data=u'https://movie.douban.com/subject/1292329'>]>"
,哪吒闹海,,197,,"<bound method SelectorList.getall of [<Selector xpath='div[@class=""pic""]/a/@href' data=u'https://movie.douban.com/subject/1307315'>]>"
,梦之安魂曲,,198,,"<bound method SelectorList.getall of [<Selector xpath='div[@class=""pic""]/a/@href' data=u'https://movie.douban.com/subject/1292270'>]>"
,青蛇,,199,,"<bound method SelectorList.getall of [<Selector xpath='div[@class=""pic""]/a/@href' data=u'https://movie.douban.com/subject/1303394'>]>"
,惊魂记,,200,,"<bound method SelectorList.getall of [<Selector xpath='div[@class=""pic""]/a/@href' data=u'https://movie.douban.com/subject/1293181'>]>"
,黑客帝国3：矩阵革命,,201,,"<bound method SelectorList.getall of [<Selector xpath='div[@class=""pic""]/a/@href' data=u'https://movie.douban.com/subject/1302467'>]>"
,小萝莉的猴神大叔,,202,,"<bound method SelectorList.getall of [<Selector xpath='div[@class=""pic""]/a/@href' data=u'https://movie.douban.com/subject/2639356'>]>"
,再次出发之纽约遇见你,,203,,"<bound method SelectorList.getall of [<Selector xpath='div[@class=""pic""]/a/@href' data=u'https://movie.douban.com/subject/6874403'>]>"
,东京物语,,204,,"<bound method SelectorList.getall of [<Selector xpath='div[@class=""pic""]/a/@href' data=u'https://movie.douban.com/subject/1291568'>]>"
,新龙门客栈,,205,,"<bound method SelectorList.getall of [<Selector xpath='div[@class=""pic""]/a/@href' data=u'https://movie.douban.com/subject/1292287'>]>"
,海街日记,,206,,"<bound method SelectorList.getall of [<Selector xpath='div[@class=""pic""]/a/@href' data=u'https://movie.douban.com/subject/2589590'>]>"
,步履不停,,207,,"<bound method SelectorList.getall of [<Selector xpath='div[@class=""pic""]/a/@href' data=u'https://movie.douban.com/subject/2222996'>]>"
,源代码,,208,,"<bound method SelectorList.getall of [<Selector xpath='div[@class=""pic""]/a/@href' data=u'https://movie.douban.com/subject/3075287'>]>"
,终结者2：审判日,,209,,"<bound method SelectorList.getall of [<Selector xpath='div[@class=""pic""]/a/@href' data=u'https://movie.douban.com/subject/1291844'>]>"
,绿里奇迹,,210,,"<bound method SelectorList.getall of [<Selector xpath='div[@class=""pic""]/a/@href' data=u'https://movie.douban.com/subject/1300374'>]>"
,末路狂花,,211,,"<bound method SelectorList.getall of [<Selector xpath='div[@class=""pic""]/a/@href' data=u'https://movie.douban.com/subject/1291992'>]>"
,初恋这件小事,,212,,"<bound method SelectorList.getall of [<Selector xpath='div[@class=""pic""]/a/@href' data=u'https://movie.douban.com/subject/4739952'>]>"
,无敌破坏王,,213,,"<bound method SelectorList.getall of [<Selector xpath='div[@class=""pic""]/a/@href' data=u'https://movie.douban.com/subject/6534248'>]>"
,秒速5厘米,,214,,"<bound method SelectorList.getall of [<Selector xpath='div[@class=""pic""]/a/@href' data=u'https://movie.douban.com/subject/2043546'>]>"
,城市之光,,215,,"<bound method SelectorList.getall of [<Selector xpath='div[@class=""pic""]/a/@href' data=u'https://movie.douban.com/subject/1293908'>]>"
,无耻混蛋,,216,,"<bound method SelectorList.getall of [<Selector xpath='div[@class=""pic""]/a/@href' data=u'https://movie.douban.com/subject/1438652'>]>"
,爱在午夜降临前,,217,,"<bound method SelectorList.getall of [<Selector xpath='div[@class=""pic""]/a/@href' data=u'https://movie.douban.com/subject/1080844'>]>"
,这个男人来自地球,,218,,"<bound method SelectorList.getall of [<Selector xpath='div[@class=""pic""]/a/@href' data=u'https://movie.douban.com/subject/2300586'>]>"
,碧海蓝天,,219,,"<bound method SelectorList.getall of [<Selector xpath='div[@class=""pic""]/a/@href' data=u'https://movie.douban.com/subject/1300960'>]>"
,疯狂的石头,,220,,"<bound method SelectorList.getall of [<Selector xpath='div[@class=""pic""]/a/@href' data=u'https://movie.douban.com/subject/1862151'>]>"
,勇闯夺命岛,,221,,"<bound method SelectorList.getall of [<Selector xpath='div[@class=""pic""]/a/@href' data=u'https://movie.douban.com/subject/1292728'>]>"
,E.T. 外星人,,222,,"<bound method SelectorList.getall of [<Selector xpath='div[@class=""pic""]/a/@href' data=u'https://movie.douban.com/subject/1294638'>]>"
,变脸,,223,,"<bound method SelectorList.getall of [<Selector xpath='div[@class=""pic""]/a/@href' data=u'https://movie.douban.com/subject/1292659'>]>"
,卡萨布兰卡,,224,,"<bound method SelectorList.getall of [<Selector xpath='div[@class=""pic""]/a/@href' data=u'https://movie.douban.com/subject/1296753'>]>"
,海盗电台,,225,,"<bound method SelectorList.getall of [<Selector xpath='div[@class=""pic""]/a/@href' data=u'https://movie.douban.com/subject/3007773'>]>"
,发条橙,,226,,"<bound method SelectorList.getall of [<Selector xpath='div[@class=""pic""]/a/@href' data=u'https://movie.douban.com/subject/1292233'>]>"
,黄金三镖客,,227,,"<bound method SelectorList.getall of [<Selector xpath='div[@class=""pic""]/a/@href' data=u'https://movie.douban.com/subject/1401118'>]>"
,彗星来的那一夜,,228,,"<bound method SelectorList.getall of [<Selector xpath='div[@class=""pic""]/a/@href' data=u'https://movie.douban.com/subject/2580734'>]>"
,美国丽人,,229,,"<bound method SelectorList.getall of [<Selector xpath='div[@class=""pic""]/a/@href' data=u'https://movie.douban.com/subject/1292062'>]>"
,聚焦,,230,,"<bound method SelectorList.getall of [<Selector xpath='div[@class=""pic""]/a/@href' data=u'https://movie.douban.com/subject/2595447'>]>"
,血钻,,231,,"<bound method SelectorList.getall of [<Selector xpath='div[@class=""pic""]/a/@href' data=u'https://movie.douban.com/subject/1428175'>]>"
,荒野生存,,232,,"<bound method SelectorList.getall of [<Selector xpath='div[@class=""pic""]/a/@href' data=u'https://movie.douban.com/subject/1905462'>]>"
,国王的演讲,,233,,"<bound method SelectorList.getall of [<Selector xpath='div[@class=""pic""]/a/@href' data=u'https://movie.douban.com/subject/4023638'>]>"
,非常嫌疑犯,,234,,"<bound method SelectorList.getall of [<Selector xpath='div[@class=""pic""]/a/@href' data=u'https://movie.douban.com/subject/1292214'>]>"
,英国病人,,235,,"<bound method SelectorList.getall of [<Selector xpath='div[@class=""pic""]/a/@href' data=u'https://movie.douban.com/subject/1291853'>]>"
,迁徙的鸟,,236,,"<bound method SelectorList.getall of [<Selector xpath='div[@class=""pic""]/a/@href' data=u'https://movie.douban.com/subject/1292281'>]>"
,黑鹰坠落,,237,,"<bound method SelectorList.getall of [<Selector xpath='div[@class=""pic""]/a/@href' data=u'https://movie.douban.com/subject/1291824'>]>"
,我爱你,,238,,"<bound method SelectorList.getall of [<Selector xpath='div[@class=""pic""]/a/@href' data=u'https://movie.douban.com/subject/5908478'>]>"
,勇士,,239,,"<bound method SelectorList.getall of [<Selector xpath='div[@class=""pic""]/a/@href' data=u'https://movie.douban.com/subject/3217169'>]>"
,遗愿清单,,240,,"<bound method SelectorList.getall of [<Selector xpath='div[@class=""pic""]/a/@href' data=u'https://movie.douban.com/subject/1867345'>]>"
,荒岛余生,,241,,"<bound method SelectorList.getall of [<Selector xpath='div[@class=""pic""]/a/@href' data=u'https://movie.douban.com/subject/1298653'>]>"
,燕尾蝶,,242,,"<bound method SelectorList.getall of [<Selector xpath='div[@class=""pic""]/a/@href' data=u'https://movie.douban.com/subject/1307793'>]>"
,枪火,,243,,"<bound method SelectorList.getall of [<Selector xpath='div[@class=""pic""]/a/@href' data=u'https://movie.douban.com/subject/1300741'>]>"
,2001太空漫游,,244,,"<bound method SelectorList.getall of [<Selector xpath='div[@class=""pic""]/a/@href' data=u'https://movie.douban.com/subject/1292226'>]>"
,叫我第一名,,245,,"<bound method SelectorList.getall of [<Selector xpath='div[@class=""pic""]/a/@href' data=u'https://movie.douban.com/subject/4798888'>]>"
,穆赫兰道,,246,,"<bound method SelectorList.getall of [<Selector xpath='div[@class=""pic""]/a/@href' data=u'https://movie.douban.com/subject/1292217'>]>"
,千钧一发,,247,,"<bound method SelectorList.getall of [<Selector xpath='div[@class=""pic""]/a/@href' data=u'https://movie.douban.com/subject/1300117'>]>"
,上帝也疯狂,,248,,"<bound method SelectorList.getall of [<Selector xpath='div[@class=""pic""]/a/@href' data=u'https://movie.douban.com/subject/1297478'>]>"
,大卫·戈尔的一生,,249,,"<bound method SelectorList.getall of [<Selector xpath='div[@class=""pic""]/a/@href' data=u'https://movie.douban.com/subject/1305725'>]>"
,蓝色大门,,250,,"<bound method SelectorList.getall of [<Selector xpath='div[@class=""pic""]/a/@href' data=u'https://movie.douban.com/subject/1308575'>]>"
